{"cameraMode":{"drawMode":0,"name":"Shaded","section":"Shading Mode"},"sceneLighting":true,"audioPlay":false,"sceneViewState":{"showFog":true,"showMaterialUpdate":true,"showSkybox":false,"showFlares":true,"showImageEffects":true,"showParticleSystems":true},"in2DMode":false,"pivot":{"x":-0.0325016975402832,"y":-0.02997368574142456,"z":0.05567336082458496},"rotation":{"x":-0.09611982107162476,"y":-0.02926161326467991,"z":0.00283090234734118,"w":-0.9949455261230469},"size":6.326862335205078,"orthographic":false}