{"cameraMode":{"drawMode":0,"name":"Shaded","section":"Shading Mode"},"sceneLighting":false,"audioPlay":false,"sceneViewState":{"showFog":true,"showMaterialUpdate":true,"showSkybox":false,"showFlares":true,"showImageEffects":true,"showParticleSystems":true},"in2DMode":false,"pivot":{"x":-0.04999999701976776,"y":0.12743735313415528,"z":-4.670000076293945},"rotation":{"x":-0.14735111594200135,"y":0.17613568902015687,"z":-0.02667074464261532,"w":-0.9729185104370117},"size":0.25784868001937868,"orthographic":false}