{"cameraMode":{"drawMode":0,"name":"Shaded","section":"Shading Mode"},"sceneLighting":false,"audioPlay":false,"sceneViewState":{"showFog":true,"showMaterialUpdate":true,"showSkybox":false,"showFlares":true,"showImageEffects":true,"showParticleSystems":true},"in2DMode":false,"pivot":{"x":-1.6230000257492066,"y":0.034999996423721316,"z":-5.091000080108643},"rotation":{"x":-0.08037244528532028,"y":0.1436186283826828,"z":-0.01170317828655243,"w":-0.9862977266311646},"size":0.44958850741386416,"orthographic":false}